epoch,time,train/box_loss,train/cls_loss,train/dfl_loss,metrics/precision(B),metrics/recall(B),metrics/mAP50(B),metrics/mAP50-95(B),val/box_loss,val/cls_loss,val/dfl_loss,lr/pg0,lr/pg1,lr/pg2
1,42.6483,1.81395,13.6801,1.78723,0.0484,0.07093,0.06122,0.03651,1.71404,10.0747,1.81779,0.00330033,0.00330033,0.070297
2,79.6531,1.57732,8.09338,1.48747,0.24247,0.29886,0.30255,0.19538,1.62374,10.6446,1.63223,0.00656799,0.00656799,0.0402314
3,114.684,1.56934,7.67393,1.47808,0.20315,0.25125,0.25717,0.15996,1.57796,11.0691,1.61426,0.00976965,0.00976965,0.0100997
4,151.931,1.57104,7.06962,1.40947,0.23649,0.28287,0.27957,0.17573,1.61858,11.6087,1.66455,0.009703,0.009703,0.009703
5,188.98,1.59361,7.17157,1.48916,0.29407,0.39272,0.35244,0.23042,1.55555,8.02429,1.56468,0.009604,0.009604,0.009604
